use MAHotel;

insert IGNORE into State (StateAbbr, `Name`) values
('AL', 'Alabama'),
    ('AK', 'Alaska'),
    ('AZ', 'Arizona'),
    ('AR', 'Arkansas'),
    ('CA', 'California'),
    ('CO', 'Colorado'),
    ('CT', 'Connecticut'),
    ('DE', 'Delaware'),
    ('FL', 'Florida'),
    ('GA', 'Georgia'),
    ('HI', 'Hawaii'),
    ('ID', 'Idaho'),
    ('IL', 'Illinois'),
    ('IN', 'Indiana'),
    ('IA', 'Iowa'),
    ('KS', 'Kansas'),
    ('KY', 'Kentucky'),
    ('LA', 'Louisiana'),
    ('ME', 'Maine'),
    ('MD', 'Maryland'),
    ('MA', 'Massachusetts'),
    ('MI', 'Michigan'),
    ('MN', 'Minnesota'),
    ('MS', 'Mississippi'),
    ('MO', 'Missouri'),
    ('MT', 'Montana'),
    ('NE', 'Nebraska'),
    ('NV', 'Nevada'),
    ('NH', 'New Hampshire'),
    ('NJ', 'New Jersey'),
    ('NM', 'New Mexico'),
    ('NY', 'New York'),
    ('NC', 'North Carolina'),
    ('ND', 'North Dakota'),
    ('OH', 'Ohio'),
    ('OK', 'Oklahoma'),
    ('OR', 'Oregon'),
    ('PA', 'Pennsylvania'),
    ('RI', 'Rhode Island'),
    ('SC', 'South Carolina'),
    ('SD', 'South Dakota'),
    ('TN', 'Tennessee'),
    ('TX', 'Texas'),
    ('UT', 'Utah'),
    ('VT', 'Vermont'),
    ('VA', 'Virginia'),
    ('WA', 'Washington'),
    ('WV', 'West Virginia'),
    ('WI', 'Wisconsin'),
    ('WY', 'Wyoming');
    
    insert into guest (`FirstName`,`LastName`, Address, City, StateAbbr, zipcode, Phone) values
    ('May', 'le', '5 buttermill ave', 'Zion', 'TX', 2345, '6472043518'),
    ('Mack', 'Simmer',	'379 Old Shore Street',	'Council Bluffs', 'IA',	51501,	'(291) 553-0508'),
    ('Bettyann', 'Seery',	'750 Wintergreen Dr.',	'Wasilla',	'AK',	99654,	'(478) 277-9632'),
    ('Duane', 'Cullison',	'9662 Foxrun Lane',	'Harlingen',	'TX',	78552,	'(308) 494-0198'),
    ('Karie', 'Yang',	'9378 W. Augusta Ave.',	'West Deptford',	'NJ',	08096,	'(214) 730-0298'),
    ('Aurore', 'Lipton',	'762 Wild Rose Street',	'Saginaw',	'MI',	48601,	'(377) 507-0974'),
    ('Zachery', 'Luechtefeld',	'7 Poplar Dr.',	'Arvada',	'CO',	80003,	'(814) 485-2615'),
    ('Jeremiah', 'Pendergrass',	'70 Oakwood St.',	'Zion',	'IL',	60099,	'(279) 491-0960'),
    ('Walter', 'Holaway',	'7556 Arrowhead St.',	'Cumberland',	'RI',	02864,	'(446) 396-6785'),
    ('Wilfred', 'Vise',	'77 West Surrey Street',	'Oswego',	'NY',	13126,	'(834) 727-1001'),
    ('Maritza', 'Tilton',	'939 Linda Rd.',	'Burke',	'VA',	22015,	'(446) 351-6860'),
    ('Joleen', 'Tison',	'87 Queen St.',	'Drexel Hill',	'PA',	19026,	'(231) 893-2755');
    
    insert IGNORE into room (roomID, `type`, anemities, ADAAccessible, standard, maximum) values
    (201,	'Double',	'Microwave, Jacuzzi', 'No',	2,	4),
    (202,	'Double',	'Refrigerator',	'Yes',	2,	4),
    (203,	'Double',	'Microwave, Jacuzzi', 'No',	2,	4),
    (204,	'Double',	'Refrigerator',	'Yes',	2,	4),
    (205,	'Single',	'Microwave, Refrigerator, Jacuzzi',	'No',	2,	2),
    (206,	'Single',	'Microwave, Refrigerator',	'Yes',	2,	2),
    (207,	'Single',	'Microwave, Refrigerator, Jacuzzi',	'No',	2,	2),
    (208,	'Single',	'Microwave, Refrigerator',	'Yes',	2,	2),
    (301,	'Double',	'Microwave, Jacuzzi',	'No',	2,	4),
    (302,	'Double',	'Refrigerator',	'Yes',	2,	4),
    (303,	'Double',	'Microwave, Jacuzzi',	'No',	2,	4),
    (304,	'Double',	'Refrigerator',	'Yes',	2,	4),
    (305,	'Single',	'Microwave, Refrigerator, Jacuzzi',	'No',	2,	2),
    (306,	'Single',	'Microwave, Refrigerator',	'Yes',	2,	2),
    (307,	'Single',	'Microwave, Refrigerator, Jacuzzi',	'No',	2,	2),
    (308,	'Single',	'Microwave, Refrigerator',	'Yes',	2,	2),
    (401,	'Suite',	'Microwave, Refrigerator, Oven',	'Yes',	3,	8),
    (402,	'Suite',	'Microwave, Refrigerator, Oven',	'Yes',	3,	8);
    
    insert IGNORE  into RoomPrice(roomID, BasePrice, ExtraPerson) values
    (201, 199.99, 10 ),
    (202, 174.99, 10),
    (203, 199.99, 10),
    (204, 174.99, 10),
    (205, 174.99, null),
    (206, 149.99, null),
    (207, 174.99, null),
    (208, 149.99, null),
    (301, 199.99, 10),
    (302, 174.99, 10),
    (303, 199.99, 10),
    (304, 174.99, 10),
    (305, 174.99, null),
    (306, 149.99, null),
    (307, 174.99, null),
    (308, 149.99, null),
    (401, 399.99, 20),
    (402, 399.99, 20);
     insert into resevation (roomID, `FirstName`,`LastName`, NumberAdult, numberChildren, StartDate, EndDate, TotalRoomCost) values
     (308,	'Mack', 'Simmer',	1,	0,	'2023/02/02',	'2023/02/04',	299.98),
     (203,	'Bettyann', 'Seery',	2,	1,	'2023/02/05',	'2023/02/10',	999.95),
     (305,	'Duane', 'Cullison',	2,	0,	'2023/02/22',	'2023/02/24',	349.98),
     (201,	'Karie', 'Yang',	2,	2,	'2023/03/06',	'2023/03/07',	199.99),
     (307,	'May', 'le',	1,	1,	'2023/03/17',	'2023/03/20',	524.97),
     (302,	'Aurore', 'Lipton',	3,	0,	'2023/03/18',	'2023/03/23',	924.95),
     (202,	'Zachery', 'Luechtefeld',	2,	2,	'2023/03/29',	'2023/03/31',	349.98),
     (304,	'Jeremiah', 'Pendergrass',	2,	0,	'2023/03/31',	'2023/04/05',	874.95),
     (301,	'Walter', 'Holaway',	1,	0,	'2023/04/09',	'2023/04/13',	799.96),
     (207,	'Wilfred', 'Vise',	1,	1,	'2023/04/23',	'2023/04/24',	174.99),
     (401,	'Maritza', 'Tilton',	2,	4,	'2023/05/30',	'2023/06/02',	1199.97),
     (206,	'Joleen', 'Tison',	2,	0,	'2022/06/10',	'2023/06/14',	599.96),
     (208,	'Joleen', 'Tison',	1,	0,	'2023/06/10',	'2023/06/14', 599.96),
     (304,	'Aurore', 'Lipton',	3,	0,	'2023/06/17',	'2023/06/18',	184.99),
     (205,	'May', 'le',	2,	0,	'2023/06/28',	'2023/07/02',	699.96),
     (204,	'Walter', 'Holaway',	3,	1,	'2023/07/13',	'2023/07/14',	184.99),
     (401,	'Wilfred', 'Vise',	4,	2,	'2023/07/18',	'2023/07/21',	1259.97),
     (303,	'Bettyann', 'Seery',	2,	1,	'2023/07/28',	'2023/07/29',	199.99),
     (305,	'Bettyann', 'Seery',	1,	0,	'2023/08/30',	'2023/09/01',	349.98),
     (208,	'Mack', 'Simmer',	2,	0,	'2023/09/16',	'2023/06/17',	149.99),
     (203,	'Karie', 'Yang',	2,	2,	'2023/09/13',	'2023/09/15',	399.98),
     (401,	'Duane', 'Cullison',	2,	2,	'2023/11/22',	'2023/11/25',	1199.97),
     (206,	'Mack', 'Simmer',	2,	0,	'2023/11/22',	'2023/11/25',	449.97),
     (301,	'Mack', 'Simmer',	2,	2,	'2023/11/22',	'2023/11/25',	599.97),
     (302,	'Maritza', 'Tilton',	2,	0,	'2023/12/24',	'2023/12/24',	699.96);
     
     