use MAHotel;

insert IGNORE into State (StateAbbr, `Name`) values
('AL', 'Alabama'),
    ('AK', 'Alaska'),
    ('AZ', 'Arizona'),
    ('AR', 'Arkansas'),
    ('CA', 'California'),
    ('CO', 'Colorado'),
    ('CT', 'Connecticut'),
    ('DE', 'Delaware'),
    ('FL', 'Florida'),
    ('GA', 'Georgia'),
    ('HI', 'Hawaii'),
    ('ID', 'Idaho'),
    ('IL', 'Illinois'),
    ('IN', 'Indiana'),
    ('IA', 'Iowa'),
    ('KS', 'Kansas'),
    ('KY', 'Kentucky'),
    ('LA', 'Louisiana'),
    ('ME', 'Maine'),
    ('MD', 'Maryland'),
    ('MA', 'Massachusetts'),
    ('MI', 'Michigan'),
    ('MN', 'Minnesota'),
    ('MS', 'Mississippi'),
    ('MO', 'Missouri'),
    ('MT', 'Montana'),
    ('NE', 'Nebraska'),
    ('NV', 'Nevada'),
    ('NH', 'New Hampshire'),
    ('NJ', 'New Jersey'),
    ('NM', 'New Mexico'),
    ('NY', 'New York'),
    ('NC', 'North Carolina'),
    ('ND', 'North Dakota'),
    ('OH', 'Ohio'),
    ('OK', 'Oklahoma'),
    ('OR', 'Oregon'),
    ('PA', 'Pennsylvania'),
    ('RI', 'Rhode Island'),
    ('SC', 'South Carolina'),
    ('SD', 'South Dakota'),
    ('TN', 'Tennessee'),
    ('TX', 'Texas'),
    ('UT', 'Utah'),
    ('VT', 'Vermont'),
    ('VA', 'Virginia'),
    ('WA', 'Washington'),
    ('WV', 'West Virginia'),
    ('WI', 'Wisconsin'),
    ('WY', 'Wyoming');
    
    insert into guest (`FirstName`,`LastName`, Address, City, StateAbbr, zipcode, Phone) values
    ('May', 'le', '5 buttermill ave', 'Zion', 'TX', 2345, '6472043518'),
    ('Mack', 'Simmer',	'379 Old Shore Street',	'Council Bluffs', 'IA',	51501,	'(291) 553-0508'),
    ('Bettyann', 'Seery',	'750 Wintergreen Dr.',	'Wasilla',	'AK',	99654,	'(478) 277-9632'),
    ('Duane', 'Cullison',	'9662 Foxrun Lane',	'Harlingen',	'TX',	78552,	'(308) 494-0198'),
    ('Karie', 'Yang',	'9378 W. Augusta Ave.',	'West Deptford',	'NJ',	08096,	'(214) 730-0298'),
    ('Aurore', 'Lipton',	'762 Wild Rose Street',	'Saginaw',	'MI',	48601,	'(377) 507-0974'),
    ('Zachery', 'Luechtefeld',	'7 Poplar Dr.',	'Arvada',	'CO',	80003,	'(814) 485-2615'),
    ('Jeremiah', 'Pendergrass',	'70 Oakwood St.',	'Zion',	'IL',	60099,	'(279) 491-0960'),
    ('Walter', 'Holaway',	'7556 Arrowhead St.',	'Cumberland',	'RI',	02864,	'(446) 396-6785'),
    ('Wilfred', 'Vise',	'77 West Surrey Street',	'Oswego',	'NY',	13126,	'(834) 727-1001'),
    ('Maritza', 'Tilton',	'939 Linda Rd.',	'Burke',	'VA',	22015,	'(446) 351-6860'),
    ('Joleen', 'Tison',	'87 Queen St.',	'Drexel Hill',	'PA',	19026,	'(231) 893-2755');
    insert into `type` (`type`, standard, maximum, basePrice, ExtraPerson) values
    ('Double',	2,	4,	199.99,	10),
	('Double',	2,	4,	174.99,	10),
('Double',	2,	4,	199.99,	10),
('Double', 2,	4,	174.99,	10),
('Single',	2,	2,	174.99,	null),
('Single', 2,	2,	149.99,	null),
('Single',	2,	2,	174.99,	null),
('Single',	2,	2,	149.99,	null),
('Double',	2,	4,	199.99,	10),
('Double', 2,	4,	174.99,	10),
('Double',	2,	4,	199.99,	10),
('Double',	2,	4,	174.99,	10),
('Single',	2,	2,	174.99,	null),
('Single',	2,	2,	149.99,	null),
('Single',	2,	2,	174.99,	null),
('Single',	2,	2,	149.99,	null),
('Suite',	3,	8,	399.99,	20),
('Suite',	3,	8,	399.99,	20);
    insert IGNORE into room (roomTypeID, roomNumber, ADAAccessible) values
    (1, 201, 'No'),
    (2, 202, 'Yes'),
    (3, 203, 'No'),
    (4, 204, 'Yes'),
    (5, 205,	'No'),
    (6, 206,	'Yes'),
    (7, 207,	'No'),
    (8, 208,	'Yes'),
    (9, 301,	'No'),
    (10, 302,	'Yes'),
    (11, 303,	'No'),
    (12, 304,	'Yes'),
    (13, 305,	'No'),
    (14, 306,	'Yes'),
    (15, 307,	'No'),
    (16, 308,	'Yes'),
    (17, 401,	'Yes'),
    (18, 402,	'Yes');
    
    insert into amenity(amenityID, amenity, extra) values
    (1, 'microwave', 0),
    (2, 'jacuzzi', 25),
    (3, 'refrigerator', 0),
    (4, 'oven', 0);
    insert into amenityRoom(amenityID, roomID) values
    (1, 1),
    (2, 1),
    (3, 2),
    (1, 3),
    (2, 3),
    (3, 4),
    (1, 5),
    (2, 5),
    (3, 5),
    (1, 6),
    (2, 6),
    (1, 7),
    (2, 7),
    (3, 7),
    (1, 8),
    (3, 8),
    (1, 9),
    (2, 9),
    (3, 10),
    (1, 11),
    (2, 11),
    (3, 12),
    (1, 13),
    (2, 13),
    (3, 13),
    (1, 14),
    (3, 14),
    (1, 15),
    (2, 15),
    (3, 15),
    (1, 16),
    (3, 16),
    (1, 17),
    (3, 17),
    (4, 17),
    (3, 18),
    (1, 18),
    (4, 18);
        
     insert into resevation (resevationNo, roomID, guestID, NumberAdult, numberChildren, StartDate, EndDate, TotalRoomCost) values
     (1, 16,	2,	1,	0,	'2023/02/02',	'2023/02/04',	299.98),
     (2, 3, 3,	2,	1,	'2023/02/05',	'2023/02/10',	999.95),
     (3, 13,	4,	2,	0,	'2023/02/22',	'2023/02/24',	349.98),
     (4, 1,	5,	2,	2,	'2023/03/06',	'2023/03/07',	199.99),
     (5, 15,	1,	1,	1,	'2023/03/17',	'2023/03/20',	524.97),
     (6, 10,	6,	3,	0,	'2023/03/18',	'2023/03/23',	924.95),
     (7, 2,	7,	2,	2,	'2023/03/29',	'2023/03/31',	349.98),
     (8, 12,	8,	2,	0,	'2023/03/31',	'2023/04/05',	874.95),
     (9, 9,	9,	1,	0,	'2023/04/09',	'2023/04/13',	799.96),
     (10, 7,	10,	1,	1,	'2023/04/23',	'2023/04/24',	174.99),
     (11, 17,	11,	2,	4,	'2023/05/30',	'2023/06/02',	1199.97),
     (12, 6,	12,	2,	0,	'2022/06/10',	'2023/06/14',	599.96),
     (13, 8,	12,	1,	0,	'2023/06/10',	'2023/06/14', 599.96),
     (14, 9,	6,	3,	0,	'2023/06/17',	'2023/06/18',	184.99),
     (15, 5,	1,	2,	0,	'2023/06/28',	'2023/07/02',	699.96),
     (16, 4,	9,	3,	1,	'2023/07/13',	'2023/07/14',	184.99),
     (17, 17,	10,	4,	2,	'2023/07/18',	'2023/07/21',	1259.97),
     (18, 10,	3,	2,	1,	'2023/07/28',	'2023/07/29',	199.99),
     (19, 13,	3,	1,	0,	'2023/08/30',	'2023/09/01',	349.98),
     (20, 8,	2,	2,	0,	'2023/09/16',	'2023/06/17',	149.99),
     (21, 3,	5,	2,	2,	'2023/09/13',	'2023/09/15',	399.98),
     (22, 17,	4,	2,	2,	'2023/11/22',	'2023/11/25',	1199.97),
     (23, 6, 2,	2,	0,	'2023/11/22',	'2023/11/25',	449.97),
     (24, 9,	2,	2,	2,	'2023/11/22',	'2023/11/25',	599.97),
     (25, 10,	11,	2,	0,	'2023/12/24',	'2023/12/24',	699.96);
     SET SQL_SAFE_UPDATES = 0;
     delete from guest
     where guestID = 8;
     delete from resevation
       where guestID = 8;